type,duration
Immigration,828.3333333333334
Technology,819.3333333333334
Health,759.3
Transformation,505.3333333333333
Social,325.6
Administrative,268.3333333333333
Alert,223.25
Education,95.86666666666666
